Review,Sentiment
The item arrived broken and customer service was unhelpful.,negative
"It's okay, not too good not too bad.",positive
"It's okay, not too good not too bad.",neutral
Packaging was poor and item was missing parts.,positive
"It's okay, not too good not too bad.",positive
The item arrived broken and customer service was unhelpful.,positive
Does not match the description. Poor quality.,negative
The item arrived broken and customer service was unhelpful.,negative
"Good value for money, I recommend it.",positive
"Good value for money, I recommend it.",neutral
Excellent quality and fast delivery.,negative
"Worth the price, satisfied with the purchase.",positive
"It's okay, not too good not too bad.",neutral
Packaging was poor and item was missing parts.,negative
"Just received it, looks decent so far.",negative
Does not match the description. Poor quality.,neutral
Does not match the description. Poor quality.,negative
"Good value for money, I recommend it.",negative
Excellent quality and fast delivery.,positive
"Good value for money, I recommend it.",negative
"Worth the price, satisfied with the purchase.",negative
"Just received it, looks decent so far.",positive
The product is really good and works perfectly!,neutral
"Worth the price, satisfied with the purchase.",positive
The item arrived broken and customer service was unhelpful.,positive
Excellent quality and fast delivery.,positive
"It's okay, not too good not too bad.",neutral
Does not match the description. Poor quality.,neutral
"It's okay, not too good not too bad.",negative
Packaging was poor and item was missing parts.,negative
"Just received it, looks decent so far.",positive
Excellent quality and fast delivery.,neutral
The item arrived broken and customer service was unhelpful.,positive
"Very bad experience, totally disappointed.",negative
Excellent quality and fast delivery.,negative
"Just received it, looks decent so far.",positive
Excellent quality and fast delivery.,positive
Excellent quality and fast delivery.,positive
The product is really good and works perfectly!,negative
The product is really good and works perfectly!,positive
"It's okay, not too good not too bad.",negative
Excellent quality and fast delivery.,positive
The item arrived broken and customer service was unhelpful.,positive
Excellent quality and fast delivery.,positive
"Just received it, looks decent so far.",positive
"It's okay, not too good not too bad.",positive
"Worth the price, satisfied with the purchase.",positive
"Very bad experience, totally disappointed.",positive
"Worth the price, satisfied with the purchase.",negative
"Good value for money, I recommend it.",negative
Excellent quality and fast delivery.,neutral
Excellent quality and fast delivery.,positive
"Very bad experience, totally disappointed.",positive
"Good value for money, I recommend it.",negative
"Very bad experience, totally disappointed.",negative
"Good value for money, I recommend it.",negative
Packaging was poor and item was missing parts.,positive
The product is really good and works perfectly!,negative
Does not match the description. Poor quality.,positive
The product is really good and works perfectly!,negative
"Good value for money, I recommend it.",negative
"It's okay, not too good not too bad.",neutral
Does not match the description. Poor quality.,neutral
Excellent quality and fast delivery.,positive
Packaging was poor and item was missing parts.,positive
Packaging was poor and item was missing parts.,negative
"Just received it, looks decent so far.",positive
The item arrived broken and customer service was unhelpful.,negative
"Very bad experience, totally disappointed.",negative
The item arrived broken and customer service was unhelpful.,negative
"It's okay, not too good not too bad.",positive
Packaging was poor and item was missing parts.,positive
The product is really good and works perfectly!,neutral
Excellent quality and fast delivery.,neutral
"Worth the price, satisfied with the purchase.",negative
"Very bad experience, totally disappointed.",negative
"Very bad experience, totally disappointed.",negative
"Worth the price, satisfied with the purchase.",positive
"Just received it, looks decent so far.",neutral
"Very bad experience, totally disappointed.",negative
Does not match the description. Poor quality.,negative
"Good value for money, I recommend it.",neutral
"It's okay, not too good not too bad.",positive
"Good value for money, I recommend it.",neutral
"Just received it, looks decent so far.",neutral
Does not match the description. Poor quality.,positive
Packaging was poor and item was missing parts.,positive
"Good value for money, I recommend it.",negative
Excellent quality and fast delivery.,negative
The product is really good and works perfectly!,negative
"Just received it, looks decent so far.",neutral
The item arrived broken and customer service was unhelpful.,positive
The item arrived broken and customer service was unhelpful.,neutral
Packaging was poor and item was missing parts.,negative
"Very bad experience, totally disappointed.",positive
"Very bad experience, totally disappointed.",negative
Does not match the description. Poor quality.,positive
"Good value for money, I recommend it.",positive
The item arrived broken and customer service was unhelpful.,negative
The product is really good and works perfectly!,positive
"Good value for money, I recommend it.",neutral
Does not match the description. Poor quality.,negative
Does not match the description. Poor quality.,neutral
"Just received it, looks decent so far.",neutral
Packaging was poor and item was missing parts.,neutral
Excellent quality and fast delivery.,positive
Excellent quality and fast delivery.,positive
"Good value for money, I recommend it.",neutral
"Worth the price, satisfied with the purchase.",negative
Excellent quality and fast delivery.,negative
"Very bad experience, totally disappointed.",negative
The item arrived broken and customer service was unhelpful.,negative
The item arrived broken and customer service was unhelpful.,negative
"Very bad experience, totally disappointed.",negative
"Worth the price, satisfied with the purchase.",neutral
"Good value for money, I recommend it.",positive
Packaging was poor and item was missing parts.,negative
"Very bad experience, totally disappointed.",neutral
The product is really good and works perfectly!,positive
"Good value for money, I recommend it.",negative
The product is really good and works perfectly!,positive
"It's okay, not too good not too bad.",positive
"It's okay, not too good not too bad.",neutral
"Just received it, looks decent so far.",positive
"Just received it, looks decent so far.",positive
Does not match the description. Poor quality.,negative
Excellent quality and fast delivery.,negative
Excellent quality and fast delivery.,neutral
Excellent quality and fast delivery.,positive
"Just received it, looks decent so far.",positive
The item arrived broken and customer service was unhelpful.,positive
Does not match the description. Poor quality.,positive
The product is really good and works perfectly!,negative
"It's okay, not too good not too bad.",negative
"It's okay, not too good not too bad.",negative
The product is really good and works perfectly!,positive
Does not match the description. Poor quality.,positive
The product is really good and works perfectly!,positive
Does not match the description. Poor quality.,negative
The item arrived broken and customer service was unhelpful.,positive
The product is really good and works perfectly!,negative
"It's okay, not too good not too bad.",neutral
"Very bad experience, totally disappointed.",positive
"Very bad experience, totally disappointed.",negative
"Good value for money, I recommend it.",negative
The product is really good and works perfectly!,neutral
The product is really good and works perfectly!,positive
"Just received it, looks decent so far.",positive
Packaging was poor and item was missing parts.,positive
Excellent quality and fast delivery.,positive
"Very bad experience, totally disappointed.",positive
Excellent quality and fast delivery.,negative
"It's okay, not too good not too bad.",positive
"Very bad experience, totally disappointed.",neutral
Excellent quality and fast delivery.,negative
"It's okay, not too good not too bad.",neutral
Does not match the description. Poor quality.,negative
Excellent quality and fast delivery.,positive
"It's okay, not too good not too bad.",positive
The product is really good and works perfectly!,negative
"Good value for money, I recommend it.",negative
"It's okay, not too good not too bad.",positive
Packaging was poor and item was missing parts.,negative
"Just received it, looks decent so far.",positive
Packaging was poor and item was missing parts.,positive
"Just received it, looks decent so far.",neutral
Excellent quality and fast delivery.,positive
Packaging was poor and item was missing parts.,positive
"It's okay, not too good not too bad.",positive
"Good value for money, I recommend it.",neutral
The product is really good and works perfectly!,positive
Packaging was poor and item was missing parts.,positive
The item arrived broken and customer service was unhelpful.,negative
The product is really good and works perfectly!,neutral
"Very bad experience, totally disappointed.",positive
The product is really good and works perfectly!,negative
"Just received it, looks decent so far.",positive
Does not match the description. Poor quality.,negative
"Very bad experience, totally disappointed.",neutral
Packaging was poor and item was missing parts.,positive
"Very bad experience, totally disappointed.",negative
"It's okay, not too good not too bad.",neutral
"Very bad experience, totally disappointed.",negative
"Worth the price, satisfied with the purchase.",neutral
"Very bad experience, totally disappointed.",negative
"Good value for money, I recommend it.",positive
Does not match the description. Poor quality.,positive
The item arrived broken and customer service was unhelpful.,neutral
"Worth the price, satisfied with the purchase.",positive
"It's okay, not too good not too bad.",positive
"It's okay, not too good not too bad.",positive
"Just received it, looks decent so far.",positive
"It's okay, not too good not too bad.",neutral
The item arrived broken and customer service was unhelpful.,negative
The item arrived broken and customer service was unhelpful.,positive
"Just received it, looks decent so far.",negative
"Good value for money, I recommend it.",positive
"It's okay, not too good not too bad.",positive
"It's okay, not too good not too bad.",positive
Packaging was poor and item was missing parts.,negative
This is looking good,positive
Its looking better ,neutral
Its looking bad ,negative
